,fare_amount,pickup_longitude,pickup_latitude,dropoff_longitude,dropoff_latitude,passenger_count,distance
count,12455.0,12455.0,12455.0,12455.0,12455.0,12455.0,12455.0
mean,11.351674829385788,-72.52980542011454,39.909174478921855,-72.44621237650067,39.896565764877856,1.6885588117222,15.233041761157113
std,9.949355494712314,12.057391659162631,6.026859373162824,10.590844943627486,6.069179040276738,1.3080558426825333,318.08466928780086
min,1.8,-735.6,-73.993427,-74.412462,-73.994068,1.0,0.0
25%,6.0,-73.99191242089843,40.734711000000004,-73.9911015,40.733933500000006,1.0,1.2084955357493725
50%,8.5,-73.981593,40.752962,-73.979843,40.753026,1.0,2.0959848738853033
75%,12.5,-73.9667805,40.767277,-73.9630315,40.768262,2.0,3.8202753684641513
max,204.0,40.759017,41.366138,40.766617,41.366138,6.0,8677.458021305309
