,fare_amount,pickup_longitude,pickup_latitude,dropoff_longitude,dropoff_latitude,passenger_count,distance
count,120680,120680,120680,120680,120680,120680,120680
mean,11.32079143,-73.97539643,40.75086078,-73.97460982,40.75122189,1.688490222,3.388476853
std,9.612199336,0.038256997,0.02958599,0.037088755,0.033446187,1.304393644,4.082518369
min,2.5,-75.46374006,39.6036082,-75.42626456,39.60278305,1,9.50E-05
25%,6,-73.992209,40.73656975,-73.991558,40.73567775,1,1.284319626
50%,8.5,-73.9821155,40.753481,-73.9805475,40.753917,1,2.178296867
75%,12.5,-73.96851275,40.76755325,-73.96546775,40.76843225,2,3.956096813
max,287,-71.326987,41.88673,-71.357195,41.892253,6,159.0474191